iter	RMSE
0	0.357188724
1	0.2831816954
2	0.2200886016
3	0.1709981458
4	0.1363267508
5	0.1070229249
6	0.08956206886
7	0.07765977313
8	0.06791786837
9	0.06019142224
